{
  "namespace": "Content",
  "references": "",
  "items": {
    "includes": [
      {
      "name": "cssclassoptions",
      "path": "/sitecore/system/Settings/Forms/Meta Data/CSS Class Options",
      "allowedPushOperations": "createUpdateAndDelete",
      "scope": "itemAndDescendants"
      },
      {
      "name": "fieldtypes",
      "path": "/sitecore/system/Settings/Forms/Field Types/Structure",
      "allowedPushOperations": "createUpdateAndDelete",
      "scope": "itemAndDescendants"
      }
    ]
  }
}